timestamp,open,high,low,close,volume
2024-01-01 00:00:00+00:00,30021.61974388582,30201.929772377625,29901.413058224618,30051.671415301123,191.7005580930566
2024-01-01 01:00:00+00:00,30009.80514019882,30190.04421010992,29889.645760258085,30039.844985184005,388.9010273572265
2024-01-01 02:00:00+00:00,30076.50722515508,30257.146908189043,29956.080769799104,30106.613838994075,388.01461461842973
2024-01-01 03:00:00+00:00,30230.655907810244,30412.22140875805,30109.612240511702,30260.916824634878,356.4590531541189
2024-01-01 04:00:00+00:00,30209.26198567538,30390.69899459835,30088.30397972673,30239.501487162543,377.57937778684
2024-01-01 05:00:00+00:00,30187.869703676155,30369.178230424957,30066.997352510287,30218.087791467624,317.0897773390385
2024-01-01 06:00:00+00:00,30347.631063945348,30529.899118383455,30226.119027653272,30378.009073018366,200.7196235627811
2024-01-01 07:00:00+00:00,30426.29579338772,30609.03630866332,30304.468783203985,30456.752545933654,238.2783974015678
2024-01-01 08:00:00+00:00,30381.393302232816,30563.864132876857,30259.746081803456,30411.80510734016,172.63908672057028
2024-01-01 09:00:00+00:00,30437.593050587056,30620.401417257246,30315.720806140263,30468.061111698757,463.3802245334513
2024-01-01 10:00:00+00:00,30393.295623075093,30575.837939129593,30271.600745705422,30423.71934241751,333.3567179064482
2024-01-01 11:00:00+00:00,30348.767220693422,30531.04209889578,30227.25063522518,30379.146367060483,260.34056670545596
2024-01-01 12:00:00+00:00,30374.93725162287,30557.369307188168,30253.315881246002,30405.342594217087,284.8023214576531
2024-01-01 13:00:00+00:00,30185.798555181555,30367.09464260006,30064.93449690255,30216.014569751307,478.91333584472613
2024-01-01 14:00:00+00:00,30015.477263713507,30195.750400432502,29895.295172567505,30045.522786500005,161.3405612464321
2024-01-01 15:00:00+00:00,29961.302739542334,30141.250503743784,29841.33756340803,29991.29403357591,334.49193280671886
2024-01-01 16:00:00+00:00,29862.11891062092,30041.470976150173,29742.55086693475,29892.010921542464,302.3554715537864
2024-01-01 17:00:00+00:00,29895.510219147192,30075.062833076,29775.808476527982,29925.435654801993,344.5816941738591
2024-01-01 18:00:00+00:00,29806.796614002622,29985.816413486118,29687.450081013623,29836.633247249873,107.2440735283362
2024-01-01 19:00:00+00:00,29667.70547423923,29845.88989150192,29548.915862730762,29697.402877116343,448.8495635776606
2024-01-01 20:00:00+00:00,29816.121786254487,29995.197592778535,29696.737915238453,29845.967754008496,472.847312993445
2024-01-01 21:00:00+00:00,29795.564733835887,29974.517074579642,29676.263173340045,29825.390123959845,326.05327343568354
2024-01-01 22:00:00+00:00,29804.308801484207,29983.313659150775,29684.972229706495,29834.142944428637,378.6603295507569
2024-01-01 23:00:00+00:00,29663.97445768148,29842.136466436325,29545.199785178254,29693.66812580729,468.9997524709183
2024-01-02 00:00:00+00:00,29611.58862350142,29789.436002621544,29493.023704088,29641.229853354773,382.89545372535946
2024-01-02 01:00:00+00:00,29624.667790213436,29802.593722887388,29506.050501764134,29654.32211232576,161.01561716570455
2024-01-02 02:00:00+00:00,29511.68153182895,29688.928868356445,29393.516640810612,29541.22275458353,330.5153440667253
2024-01-02 03:00:00+00:00,29551.211763861676,29728.69651920018,29432.888593636006,29580.792556418095,342.6860185531424
2024-01-02 04:00:00+00:00,29493.205958738792,29670.342330863346,29375.115043989084,29522.728687426217,269.6522685209544
2024-01-02 05:00:00+00:00,29466.06375313444,29643.037109009118,29348.081515884653,29495.559312446887,394.57769424988913
2024-01-02 06:00:00+00:00,29407.951262572722,29584.575594480066,29290.201707967826,29437.388651223948,473.74680590760596
2024-01-02 07:00:00+00:00,29594.991853205167,29772.739552023213,29476.493387326467,29624.616469674842,470.2274051627105
2024-01-02 08:00:00+00:00,29595.641480453847,29773.39308093705,29477.14041346504,29625.266747201047,280.33574856165285
2024-01-02 09:00:00+00:00,29491.97415865115,29669.103132576984,29373.88817603393,29521.495654305458,145.2952183363021
2024-01-02 10:00:00+00:00,29576.144395370262,29753.77889624335,29457.721394788197,29605.750145515776,493.9364795849338
2024-01-02 11:00:00+00:00,29456.18011473816,29633.09410942127,29338.23745161608,29485.665780518677,435.55923457837366
2024-01-02 12:00:00+00:00,29479.043587879132,29656.094900719243,29361.009379319054,29508.55214001915,149.86507248130675
2024-01-02 13:00:00+00:00,29285.270542503542,29461.158053269326,29168.012201993017,29314.585127631173,468.33675304694896
2024-01-02 14:00:00+00:00,29154.582756218588,29329.685355355035,29037.847690127623,29183.76652274133,447.9585448248513
2024-01-02 15:00:00+00:00,29176.247193681913,29351.47990955988,29059.4253830966,29205.452646328242,307.53522285042885
2024-01-02 16:00:00+00:00,29252.018005023456,29427.705800849417,29134.892807806144,29281.299304327782,336.51017429797173
2024-01-02 17:00:00+00:00,29271.135696314333,29446.93831310901,29153.933951784544,29300.43613244678,259.6010815480521
2024-01-02 18:00:00+00:00,29261.58043290375,29437.325660728995,29144.416947686917,29290.871304207958,121.90465552881253
2024-01-02 19:00:00+00:00,29233.49817371438,29409.07473932227,29116.447129975782,29262.760934649028,234.07889665836038
2024-01-02 20:00:00+00:00,29087.79182687667,29262.493279290342,28971.32419193422,29116.908735612284,421.14137943920457
2024-01-02 21:00:00+00:00,29017.87739045804,29192.158936346677,28901.68969319895,29046.924314772816,101.85280920184114
2024-01-02 22:00:00+00:00,28973.857577239156,29147.874739865216,28857.84613548845,29002.860437676834,233.39966867645768
2024-01-02 23:00:00+00:00,29081.46208763843,29256.125523600218,28965.019796997232,29110.572660298727,259.26747743637736
2024-01-03 00:00:00+00:00,29117.78755476632,29292.669161701848,29001.199816809298,29146.934489255575,314.9582411751692
2024-01-03 01:00:00+00:00,28943.65784324558,29117.493626087893,28827.7673213507,28972.6304737193,467.9422465651042
2024-01-03 02:00:00+00:00,28978.03183178812,29152.07406501207,28862.003676305485,29007.03887065878,238.5383977463845
2024-01-03 03:00:00+00:00,28941.56011197453,29115.38329583023,28825.677989404063,28970.53064261715,238.78128075849108
2024-01-03 04:00:00+00:00,28875.933604143964,29049.36263479948,28760.31425037362,28904.83844258655,395.00049924389936
2024-01-03 05:00:00+00:00,28939.038065399167,29112.84610182799,28823.166041113283,28968.006071470638,280.88717635592286
2024-01-03 06:00:00+00:00,29044.032917696513,29218.47155383883,28927.740493601632,29073.106023720233,189.8419291759928
2024-01-03 07:00:00+00:00,29139.06580159622,29314.075205810008,29022.392865453694,29168.234035631853,280.9758064530773
2024-01-03 08:00:00+00:00,29057.22597102628,29231.743844726137,28940.88072189304,29086.31228330959,156.34280815191994
2024-01-03 09:00:00+00:00,29028.333654678743,29202.678000953085,28912.104090495846,29057.391045724467,170.55479460248932
2024-01-03 10:00:00+00:00,29063.42487147596,29237.979975809147,28947.0548019205,29092.517388864824,299.3471090957919
2024-01-03 11:00:00+00:00,29162.879829675483,29338.03226108494,29046.111542069175,29192.07190157706,267.57017980181917
2024-01-03 12:00:00+00:00,29117.008323314738,29291.88525018149,29000.423705403566,29146.15447779253,465.93836042724
2024-01-03 13:00:00+00:00,29100.458991546024,29275.23652302678,28983.940637225518,29129.58858012615,244.95755964665324
2024-01-03 14:00:00+00:00,28991.934127642824,29166.05985813917,28875.85030731192,29020.955082725548,332.2353401112174
2024-01-03 15:00:00+00:00,28874.431085897162,29047.851092419063,28758.81774821589,28903.33442031748,352.90571516781216
2024-01-03 16:00:00+00:00,28957.60041555434,29131.51993756968,28841.654067544114,28986.5870025569,105.23778263533346
2024-01-03 17:00:00+00:00,29095.086794408566,29269.832060441047,28978.58995038691,29124.21100541398,365.41494880668427
2024-01-03 18:00:00+00:00,29089.890983262692,29264.605043222226,28973.41494328967,29119.00999325595,171.21438674790056
2024-01-03 19:00:00+00:00,29192.141919762103,29367.470099460374,29075.256466629922,29221.36328304515,484.42812698778204
2024-01-03 20:00:00+00:00,29230.267358664365,29405.82451997766,29113.229251122168,29259.526885549916,159.46509110124518
2024-01-03 21:00:00+00:00,29167.817895179312,29342.999984639846,29051.029835538953,29197.0149100894,265.8496494908095
2024-01-03 22:00:00+00:00,29205.919316169602,29381.33024299344,29088.97869828704,29235.154470640242,134.13986723145754
2024-01-03 23:00:00+00:00,29361.567169159556,29537.912917923273,29244.003336650407,29390.95812728684,498.7497007383789
2024-01-04 00:00:00+00:00,29359.98614785247,29536.32240099272,29242.428645758966,29389.375523375846,300.87800413249704
2024-01-04 01:00:00+00:00,29518.292049068288,29695.579088402028,29400.10068951246,29547.839888957245,338.1540069280175
2024-01-04 02:00:00+00:00,29258.577513169723,29434.30470544101,29141.42605165553,29287.86537854827,126.830590955371
2024-01-04 03:00:00+00:00,29342.683573356808,29518.91590713072,29225.195350840862,29372.055628985792,399.98418815967113
2024-01-04 04:00:00+00:00,29353.377575473798,29529.674137488655,29235.84653413056,29382.76033580961,183.9622372382343
2024-01-04 05:00:00+00:00,29325.50474116226,29501.63389876684,29208.08530275921,29354.859600763026,459.2217157762855
2024-01-04 06:00:00+00:00,29336.669642738158,29512.865856808654,29219.20550002449,29366.035678416574,182.05585619280288
2024-01-04 07:00:00+00:00,29140.109508169528,29315.125180891264,29023.432393021703,29169.278786956485,176.27508826546662
2024-01-04 08:00:00+00:00,29120.162286574563,29295.058156163595,29003.56504018187,29149.311598172735,114.61986713923795
2024-01-04 09:00:00+00:00,29157.835832468583,29332.957969600524,29041.087741047286,29187.022855323907,288.8267780439997
2024-01-04 10:00:00+00:00,29307.475447538265,29483.49632109705,29190.12819849907,29336.812259798062,325.9364533050466
2024-01-04 11:00:00+00:00,29257.698252732724,29433.420164160543,29140.55031178084,29286.985237970694,126.28345577134095
2024-01-04 12:00:00+00:00,29178.927741803695,29354.17655706978,29062.09519829297,29208.135877681376,410.2110466780042
2024-01-04 13:00:00+00:00,29130.800213149603,29305.759974189536,29014.16037245631,29159.960173322925,281.315533899211
2024-01-04 14:00:00+00:00,29224.246884708038,29399.767887018596,29107.232883167664,29253.50038509313,309.756107731032
2024-01-04 15:00:00+00:00,29259.08712056304,29434.81737353939,29141.933618578805,29288.3754960591,276.3050987752913
2024-01-04 16:00:00+00:00,29208.162076206714,29383.586473060805,29091.212478303984,29237.399475682396,260.3052243501304
2024-01-04 17:00:00+00:00,29261.435492774737,29437.179850088698,29144.272587898762,29290.726218993732,323.85613252328716
2024-01-04 18:00:00+00:00,29273.131539954607,29448.946143798174,29155.921804058893,29302.433973928535,162.09609837228498
2024-01-04 19:00:00+00:00,29371.897174508842,29548.304965346728,29254.291980616916,29401.298472981824,172.77125219810844
2024-01-04 20:00:00+00:00,29303.760070430493,29479.758629412056,29186.427697776115,29333.093163594087,444.7142484054069
2024-01-04 21:00:00+00:00,29273.024621985376,29448.83858367898,29155.81531418964,29302.32694893431,478.4461848534531
2024-01-04 22:00:00+00:00,29235.851017487475,29411.441714289198,29118.790552952993,29265.116133621097,249.32372651190119
2024-01-04 23:00:00+00:00,29091.643874169076,29266.36846200192,28975.160815613843,29120.764638807883,208.2978692574215
2024-01-05 00:00:00+00:00,29123.224289847825,29298.13854984691,29006.61478318177,29152.37666651434,357.59981729560633
2024-01-05 01:00:00+00:00,29151.301711538596,29326.384604700987,29034.579782763667,29180.48219373233,263.49366843923855
2024-01-05 02:00:00+00:00,29153.810545857177,29328.908507093554,29037.078571699592,29182.993539396575,110.15454226413794
2024-01-05 03:00:00+00:00,29132.373291233,29307.342500189356,29015.727151928768,29161.53482605906,162.46103894647615
2024-01-05 04:00:00+00:00,28992.975754102168,29167.10774061329,28876.88776309475,29021.99775185402,386.388891538959
2024-01-05 05:00:00+00:00,28952.951286357908,29126.842885675367,28837.023553479597,28981.933219577484,363.56957676406057
2024-01-05 06:00:00+00:00,28920.712106156883,29094.41007676443,28804.913459085183,28949.66176792481,110.83839700139339
2024-01-05 07:00:00+00:00,28842.56260696164,29015.791211207656,28727.07687079763,28871.434041002645,188.7888647731798
2024-01-05 08:00:00+00:00,28828.448164366207,29001.59199718522,28713.018942486862,28857.305469836043,192.42991863522855
2024-01-05 09:00:00+00:00,28870.81084496198,29044.209108295083,28755.21200273991,28899.710555517497,368.75709743949136
2024-01-05 10:00:00+00:00,29061.238816492914,29235.780791366742,28944.87749991036,29090.329145638552,107.88421510174567
2024-01-05 11:00:00+00:00,29080.677139994812,29255.335861556337,28964.237992287126,29109.786926921734,141.64343279382953
2024-01-05 12:00:00+00:00,29108.40442402802,29283.22967582398,28991.854256164042,29137.541965994013,419.96643414927576
2024-01-05 13:00:00+00:00,29102.965277042975,29277.757861289476,28986.436887545307,29132.097374417393,171.41786482173345
2024-01-05 14:00:00+00:00,28913.278032634604,29086.931354151926,28797.509151623053,28942.22025288749,361.0984431407499
2024-01-05 15:00:00+00:00,28912.627296477225,29086.276709669277,28796.861021015855,28941.568865342568,195.2731124186906
2024-01-05 16:00:00+00:00,28920.642294450336,29094.33984576835,28804.84392690499,28949.59188633667,139.77655710373807
2024-01-05 17:00:00+00:00,29168.718181487613,29343.905678073123,29051.926517097272,29197.9160975852,197.26887639978162
2024-01-05 18:00:00+00:00,29151.49932110598,29326.58340111262,29034.776601101552,29180.680001107088,388.9067727422637
2024-01-05 19:00:00+00:00,29183.62190060511,29358.89890901715,29066.770561663747,29212.83473534045,442.2785872425143
2024-01-05 20:00:00+00:00,29182.152194811555,29357.420376161772,29065.306740578075,29211.363558369925,432.0879458267966
2024-01-05 21:00:00+00:00,29067.399258853362,29241.978233381007,28951.013275834932,29096.49575460797,258.87341184738193
2024-01-05 22:00:00+00:00,29183.565258023413,29358.84192623977,29066.714145879178,29212.778036059473,367.2340546282585
2024-01-05 23:00:00+00:00,29260.681367988826,29436.42119602479,29143.521482631513,29289.971339328153,181.9937181663284
2024-01-06 00:00:00+00:00,29341.703459498425,29517.929906702615,29224.219161362296,29371.074534032457,217.2590921044053
2024-01-06 01:00:00+00:00,29252.853652764432,29428.546467495744,29135.72510961022,29282.135788552983,458.5343274084479
2024-01-06 02:00:00+00:00,29394.990804426943,29571.53729574482,29277.29314354836,29424.41521964659,105.20076940429442
2024-01-06 03:00:00+00:00,29256.943883253996,29432.6612639342,29139.798962800527,29286.230113367365,134.2034123417872
2024-01-06 04:00:00+00:00,29317.56890692464,29493.650401861123,29200.18124363365,29346.91582274739,183.1545020584109
2024-01-06 05:00:00+00:00,29538.39342394306,29715.80119225503,29420.121578401748,29567.961385328388,110.61288154952788
2024-01-06 06:00:00+00:00,29441.436845062504,29618.262291579395,29323.553214051244,29470.90775281532,172.57417403591893
2024-01-06 07:00:00+00:00,29386.86170187519,29563.359369754315,29269.19658995577,29416.277979855044,333.2166243878769
2024-01-06 08:00:00+00:00,29398.814873247444,29575.38433194562,29281.10190078199,29428.243116363807,268.5698202369992
2024-01-06 09:00:00+00:00,29350.515655401236,29526.795028706947,29232.996073197428,29379.895550952187,457.0686844307899
2024-01-06 10:00:00+00:00,29197.60237863773,29372.9633538848,29080.695061806346,29226.829207845574,426.9774246953764
2024-01-06 11:00:00+00:00,29206.44981982085,29381.863932852804,29089.507077799542,29235.685505326175,236.7269406791504
2024-01-06 12:00:00+00:00,29102.32367881961,29277.11240962333,28985.797858283797,29131.455133953565,203.769373372517
2024-01-06 13:00:00+00:00,29151.633562640065,29326.718448902164,29034.910305131998,29180.814377017083,251.87696326690676
2024-01-06 14:00:00+00:00,29061.78108164011,29236.32631336167,28945.417593825736,29090.871953593705,336.1179770059231
2024-01-06 15:00:00+00:00,29218.61752870136,29394.10472106593,29101.62606712498,29247.865394095457,207.22545632915052
2024-01-06 16:00:00+00:00,29142.368524796973,29317.39776518614,29025.682364537526,29171.540064861834,349.65956313965364
2024-01-06 17:00:00+00:00,29112.192579328024,29287.04058280747,28995.62724367506,29141.333913241266,263.7646608764962
2024-01-06 18:00:00+00:00,29195.460949343254,29370.80906315312,29078.56220680334,29224.685634978232,320.8188723407921
2024-01-06 19:00:00+00:00,29074.4956041315,29249.11719935151,28958.081207318162,29103.599203334838,274.45061165412665
2024-01-06 20:00:00+00:00,29099.216851598456,29273.986922779222,28982.703470811273,29128.34519679525,217.7863038167671
2024-01-06 21:00:00+00:00,29231.79841275127,29407.36476958461,29114.754174862373,29261.059472223493,479.3813227848627
2024-01-06 22:00:00+00:00,29073.208837618604,29247.822704511203,28956.799593023534,29102.31114876737,405.4423176639043
2024-01-06 23:00:00+00:00,29093.651760085977,29268.3884072937,28977.160661947495,29122.7745346206,156.04527030658102
2024-01-07 00:00:00+00:00,29121.612051231397,29296.516628115667,29005.008999975216,29150.762814045444,447.3871903591651
2024-01-07 01:00:00+00:00,29201.71415612195,29377.099826729285,29084.790375717057,29230.945101223173,294.97247929980546
2024-01-07 02:00:00+00:00,29080.14078010523,29254.79628028604,28963.703779984688,29109.250030135365,457.82089075763656
2024-01-07 03:00:00+00:00,28950.225164458112,29124.100390671072,28834.308346982805,28979.20436882694,419.9421023789261
2024-01-07 04:00:00+00:00,29004.36512686324,29178.565518015566,28888.231532761685,29033.398525388628,270.0854017876934
2024-01-07 05:00:00+00:00,29036.031895719236,29210.422477675504,28919.771507748388,29065.096992711948,108.98772332804695
2024-01-07 06:00:00+00:00,29063.054131468787,29237.607009135263,28946.685546357803,29092.146277746535,207.47094375397842
2024-01-07 07:00:00+00:00,29099.662307597533,29274.435054189707,28983.14714320275,29128.79109869623,316.65368586434676
2024-01-07 08:00:00+00:00,29033.725837911843,29208.10256967107,28917.47468340569,29062.788626538382,353.39128793045893
2024-01-07 09:00:00+00:00,29058.925982258228,29233.45406623575,28942.57392627321,29088.01399625448,203.15507417328092
2024-01-07 10:00:00+00:00,29090.20192234077,29264.91784980227,28973.72463736643,29119.321243584352,155.74242962912965
2024-01-07 11:00:00+00:00,29020.836215679934,29195.13553229062,28904.636671272805,29049.886101781714,433.9720947197196
2024-01-07 12:00:00+00:00,29209.225089343294,29384.65587066067,29092.27123513171,29238.46355289619,493.76087228142086
2024-01-07 13:00:00+00:00,29258.55899814238,29434.286079212303,29141.40761076243,29287.84684498737,310.27607292107433
2024-01-07 14:00:00+00:00,29141.545778771837,29316.570077743436,29024.86291279077,29170.716495267105,168.6717143393214
2024-01-07 15:00:00+00:00,29209.133484274356,29384.56371541114,29092.179996849834,29238.37185613049,208.9229306077476
2024-01-07 16:00:00+00:00,29113.760785418646,29288.618207553292,28997.189170662215,29142.903689107756,107.3562706189867
2024-01-07 17:00:00+00:00,29194.388537332517,29369.730210229405,29077.49408873459,29223.612149482,465.7195226241996
2024-01-07 18:00:00+00:00,29312.13023567536,29488.179065919652,29194.764348845827,29341.47170738274,147.10043315605645
2024-01-07 19:00:00+00:00,29232.142072072023,29407.710492925304,29115.09645816983,29261.40347554757,330.6065902057014
2024-01-07 20:00:00+00:00,29330.38134738353,29506.53979391436,29212.94238302964,29359.741088472,209.6220882748824
2024-01-07 21:00:00+00:00,29373.616161984486,29550.034277071478,29256.00408525982,29403.01918116565,321.67120100631735
2024-01-07 22:00:00+00:00,29457.737971967937,29634.661323150925,29339.789071179275,29487.225197165102,360.5681553407457
2024-01-07 23:00:00+00:00,29649.225590935064,29827.299017907644,29530.509972953343,29678.904495430495,431.89672148288065
2024-01-08 00:00:00+00:00,29626.70931814638,29804.647512249358,29508.083855411056,29656.36568383021,182.56850870424128
2024-01-08 01:00:00+00:00,29553.409075327065,29730.907027731428,29435.077107057485,29582.992067394458,104.3983314633922
2024-01-08 02:00:00+00:00,29466.544583807474,29643.52082755406,29348.560421309747,29496.040624431906,154.7542520275229
2024-01-08 03:00:00+00:00,29387.04313633943,29563.541893915037,29269.37729795569,29416.459595935365,460.00745673924206
2024-01-08 04:00:00+00:00,29381.338675568957,29557.803172118918,29263.695677868982,29410.749424993952,449.5560310250061
2024-01-08 05:00:00+00:00,29417.41775785314,29594.09894558799,29299.630299363238,29446.864622475616,338.9652408681233
2024-01-08 06:00:00+00:00,29447.05716870621,29623.91637092066,29329.151033896575,29476.53370240862,340.20674417346135
2024-01-08 07:00:00+00:00,29531.690775284907,29709.058287448777,29413.44576717566,29561.25202731222,366.01466981850217
2024-01-08 08:00:00+00:00,29534.98766428351,29712.37497758251,29416.72945541751,29564.55221650001,170.14851144937984
2024-01-08 09:00:00+00:00,29682.19371859153,29860.465152336823,29563.34609609467,29711.905624215746,465.7647783699839
2024-01-08 10:00:00+00:00,29657.752500951057,29835.877140596407,29539.00274118749,29687.43994089195,267.5082099568292
2024-01-08 11:00:00+00:00,29931.49540069336,30111.264141838663,29811.649573263156,29961.45685755091,253.255411299799
2024-01-08 12:00:00+00:00,29995.997568735085,30176.153710289047,29875.893474365774,30026.023592327412,307.56708211313503
2024-01-08 13:00:00+00:00,29912.365528849095,30092.019375869208,29792.59629750235,29942.30783668578,118.78638671002201
2024-01-08 14:00:00+00:00,29807.38136829279,29986.404679814066,29688.03249394527,29837.21858687967,166.51334750243177
2024-01-08 15:00:00+00:00,29857.578362575587,30036.903157546007,29738.02849926197,29887.46582840399,395.2134465705482
2024-01-08 16:00:00+00:00,29837.252430321532,30016.455147620756,29717.78395212205,29867.119549871404,133.1194671700506
2024-01-08 17:00:00+00:00,29910.579079681334,30090.222197277013,29790.817001284213,29940.519599280615,341.26084378655526
2024-01-08 18:00:00+00:00,29959.85351837623,30139.792578546654,29839.894144929276,29989.843361737967,198.13964387252838
2024-01-08 19:00:00+00:00,29954.57591000181,30134.48327282464,29834.63766811992,29984.560470472283,255.71824561679063
2024-01-08 20:00:00+00:00,29871.97921756677,30051.390504158764,29752.37169317211,29901.88109866544,215.47749470827995
2024-01-08 21:00:00+00:00,29722.64397982066,29901.158358077835,29603.63439431587,29752.396376196855,242.26908658597966
2024-01-08 22:00:00+00:00,29680.03513610916,29858.293605395098,29561.1961565852,29709.74488099015,387.6183620736982
2024-01-08 23:00:00+00:00,29767.58737566208,29946.37168422461,29648.39783662039,29797.3847604225,218.84868624927
2024-01-09 00:00:00+00:00,29790.973340700682,29969.898105509696,29671.69016416134,29820.79413483552,326.5618561187589
2024-01-09 01:00:00+00:00,29668.522036707356,29846.711358249137,29549.7291556795,29698.22025696432,290.42016087963987
2024-01-09 02:00:00+00:00,29687.82081119989,29866.126041297182,29568.95065780169,29717.53834954944,365.46846614505927
2024-01-09 03:00:00+00:00,29728.3120174348,29906.86043795993,29609.27973708471,29758.070087522323,474.7318957299032
2024-01-09 04:00:00+00:00,29642.012659558306,29820.042765621718,29523.325922182696,29671.68434390221,393.02883888410014
2024-01-09 05:00:00+00:00,29659.367797642266,29837.502138769243,29540.61157022428,29689.05685449676,185.9761514363027
2024-01-09 06:00:00+00:00,29667.18084861502,29845.362114973064,29548.393337709655,29696.87772634136,112.47325402451386
2024-01-09 07:00:00+00:00,29554.99611586174,29732.503600041087,29436.65779307551,29584.5806965583,204.90561771993004
2024-01-09 08:00:00+00:00,29592.737073160537,29770.47122975609,29474.247635430165,29622.35943259313,338.03117228010194
2024-01-09 09:00:00+00:00,29650.757447344724,29828.8400746561,29532.035695803803,29680.437885229952,120.57032539370013
2024-01-09 10:00:00+00:00,29760.952266537934,29939.696724595215,29641.789294499744,29790.74300954748,298.54649888049454
2024-01-09 11:00:00+00:00,29868.225091536216,30047.61383082472,29748.632598677214,29898.12321475097,338.7371395667557
2024-01-09 12:00:00+00:00,29732.593921677304,29911.168059345033,29613.544496565482,29762.35627795526,233.69755632678434
2024-01-09 13:00:00+00:00,29640.903200189783,29818.926642833565,29522.220905093927,29670.573773963748,408.36488149832877
2024-01-09 14:00:00+00:00,29694.35322338393,29872.697687188032,29575.45691418119,29724.077300684614,142.63930125350873
2024-01-09 15:00:00+00:00,29747.67843988006,29926.34317525471,29628.568616296954,29777.455895775835,130.0551126943235
2024-01-09 16:00:00+00:00,29801.129703742034,29980.11546772847,29681.80586108441,29830.96066440644,391.2755024814413
2024-01-09 17:00:00+00:00,30188.01557965844,30369.32498253927,30067.142644404554,30218.233813471914,298.1965264824794
2024-01-09 18:00:00+00:00,30247.045541676685,30428.70947886393,30125.93625021852,30277.322864541227,375.36095857109444
2024-01-09 19:00:00+00:00,30362.48654913073,30544.843825702083,30240.91503141649,30392.87942855929,273.9309354414985
2024-01-09 20:00:00+00:00,30459.7893253037,30642.73100293315,30337.828206884067,30490.27960490861,198.56081329564273
2024-01-09 21:00:00+00:00,30526.86131130915,30710.205823689383,30404.631636388993,30557.41873003919,427.6409270696799
2024-01-09 22:00:00+00:00,30497.36391376958,30680.531264603025,30375.252346547277,30527.891805575153,419.7663515875917
2024-01-09 23:00:00+00:00,30575.182938896854,30758.8176712626,30452.75978398636,30605.78872762448,377.8785883417707
2024-01-10 00:00:00+00:00,30499.975699964554,30683.158737201575,30377.85367513987,30530.506206170725,208.8580548919851
2024-01-10 01:00:00+00:00,30478.315521151228,30661.368467224205,30356.28022376924,30508.824345496723,336.0922667476348
2024-01-10 02:00:00+00:00,30431.825702723097,30614.59943066738,30309.976550760242,30462.287990713812,244.38955877601072
2024-01-10 03:00:00+00:00,30442.002929247792,30624.837781675702,30320.11302762918,30472.475404652443,136.63282933065366
2024-01-10 04:00:00+00:00,30675.235320058477,30859.470967626392,30552.411555013197,30705.941261319796,466.9254301848971
2024-01-10 05:00:00+00:00,30490.69352731856,30673.82081577092,30368.608668350316,30521.21474206062,154.72745236758456
2024-01-10 06:00:00+00:00,30561.248920336973,30744.79996490356,30438.88155729258,30591.840761098072,480.094941528321
2024-01-10 07:00:00+00:00,30402.136604805128,30584.732019848998,30280.406328109213,30432.569173979107,278.4023091831823
2024-01-10 08:00:00+00:00,30356.988611412762,30539.31286733716,30235.43910746316,30387.375987400163,174.05317153544786
2024-01-10 09:00:00+00:00,30467.772776049802,30650.76240233238,30345.779691861415,30498.2710470969,316.7603789513432
2024-01-10 10:00:00+00:00,30476.19234995744,30659.232544251474,30354.165553761413,30506.699049006445,449.1783343505633
2024-01-10 11:00:00+00:00,30370.5236466423,30552.92919406958,30248.91994835745,30400.924571213516,392.88995456382446
2024-01-10 12:00:00+00:00,30301.062806087233,30483.051171288953,30179.737229286082,30331.39420028752,422.6244591445799
2024-01-10 13:00:00+00:00,30370.952621205808,30553.36074505689,30249.347205305083,30401.353975180988,363.51334668428694
2024-01-10 14:00:00+00:00,30299.986994697265,30481.968898569314,30178.665725449227,30330.317312009272,376.910625807141
2024-01-10 15:00:00+00:00,30323.609207796504,30505.732986822306,30202.193355112635,30353.963170967472,439.6782606261277
2024-01-10 16:00:00+00:00,30330.15983460289,30512.322956732638,30208.71775318306,30360.52035495785,199.86720354367438
2024-01-10 17:00:00+00:00,30267.062959877072,30448.84712179825,30145.873518596283,30297.36032019727,295.7699854572562
2024-01-10 18:00:00+00:00,30483.240974400673,30666.32350277545,30361.185955484154,30513.754729129803,188.4837767278409
2024-01-10 19:00:00+00:00,30548.567484730243,30732.04236451841,30426.250898204795,30579.146631361604,495.0672031986588
2024-01-10 20:00:00+00:00,30348.253740323147,30530.525534559318,30226.739210832366,30378.632372695844,477.6237358746453
2024-01-10 21:00:00+00:00,30368.878526368615,30551.274193193647,30247.281415151923,30399.277804172787,115.77072454740235
2024-01-10 22:00:00+00:00,30304.76405853825,30486.774653484423,30183.423661907465,30335.099157695946,382.23006900627536
2024-01-10 23:00:00+00:00,30391.920148684392,30574.45420363144,30270.23077871969,30422.34249117557,470.09932696626635
2024-01-11 00:00:00+00:00,30314.745326914966,30496.81586941896,30193.364965245637,30345.0904173323,172.23013805093342
2024-01-11 01:00:00+00:00,30305.281156412424,30487.294857051536,30183.938689319682,30335.61677318561,327.17809222105177
2024-01-11 02:00:00+00:00,30357.727385582573,30540.05607858907,30236.174923578237,30388.115501083656,466.19531903521676
2024-01-11 03:00:00+00:00,30446.214329480168,30629.074475603167,30324.307565398165,30476.691020500668,113.57839143431954
2024-01-11 04:00:00+00:00,30328.302718415292,30510.454686694062,30206.86807289611,30358.66137979509,378.968106898736
2024-01-11 05:00:00+00:00,30296.884044954782,30478.847312492046,30175.57519992994,30327.211256210994,218.9396029490203
2024-01-11 06:00:00+00:00,30251.435008369805,30433.12530872037,30130.308141469424,30281.7167250949,469.7584781506122
2024-01-11 07:00:00+00:00,30188.16541803569,30369.475720846713,30067.29188282834,30218.383801837528,488.4232980661471
2024-01-11 08:00:00+00:00,30366.532296639773,30548.913871994962,30244.94457973631,30396.92922586564,477.70659564537357
2024-01-11 09:00:00+00:00,30408.987969564772,30591.624533946542,30287.23025997693,30439.427396961735,289.6856866629855
2024-01-11 10:00:00+00:00,30285.0236625267,30466.915696535867,30163.762306520588,30315.339001528228,444.8170603957254
2024-01-11 11:00:00+00:00,30378.716071037474,30561.170822214874,30257.07957025254,30409.12519623371,437.81975941402817
2024-01-11 12:00:00+00:00,30592.717475119036,30776.457520014643,30470.224111855296,30623.34081593497,227.64018929730224
2024-01-11 13:00:00+00:00,30697.858754648096,30882.230278700034,30574.944405280134,30728.587341990085,431.56618966027094
2024-01-11 14:00:00+00:00,30548.071695049286,30731.543597121654,30425.757093667708,30578.650345394683,114.80305388619705
2024-01-11 15:00:00+00:00,30501.694711169952,30684.888072798596,30379.565803417518,30532.22693810806,338.5079513928212
2024-01-11 16:00:00+00:00,30630.257134973694,30814.22264329185,30507.613462761587,30660.91805302672,192.00353491508122
2024-01-11 17:00:00+00:00,30561.558955358378,30745.111861997164,30439.19035093252,30592.151106464844,148.22675431091153
2024-01-11 18:00:00+00:00,30607.894516230182,30791.72571452586,30485.340384033065,30638.533049279464,130.78128065168366
2024-01-11 19:00:00+00:00,30687.278458167777,30871.586436895508,30564.40647234929,30717.9964546224,378.5155103512559
2024-01-11 20:00:00+00:00,30596.676104057125,30780.439924501912,30474.166890427266,30627.30340746459,235.94998550722644
2024-01-11 21:00:00+00:00,30592.72752098655,30776.467626217698,30470.234117499116,30623.35087185841,389.9067086115046
2024-01-11 22:00:00+00:00,30270.92291371365,30452.730258540756,30149.718017162246,30301.224137851503,126.14253631957695
2024-01-11 23:00:00+00:00,30170.584588344354,30351.78930058666,30049.781446849483,30200.785373718074,226.11613513224415
2024-01-12 00:00:00+00:00,30147.351030020178,30328.41620137165,30026.64091578586,30177.528558578757,315.7965169501349
2024-01-12 01:00:00+00:00,30024.69549014189,30205.02399158418,29904.47648918036,30054.750240382273,416.28926593558543
2024-01-12 02:00:00+00:00,30189.771379404658,30371.09132762931,30068.891413921556,30219.991370775435,227.50100117282796
2024-01-12 03:00:00+00:00,30048.898255746393,30229.372119144267,29928.582346814477,30078.977232979374,350.35655057480363
2024-01-12 04:00:00+00:00,30006.935811525364,30187.15764823122,29886.787920388124,30036.972784309673,454.3910992944748
2024-01-12 05:00:00+00:00,30021.994795196246,30202.307076248475,29901.786607828093,30052.046842038286,346.34527527292187
2024-01-12 06:00:00+00:00,30167.97599677395,30349.165041799617,30047.183300090168,30198.174170944894,193.1837899014535
2024-01-12 07:00:00+00:00,30026.531367871125,30206.870895606084,29906.305016047816,30056.58795582695,109.7603126226152
2024-01-12 08:00:00+00:00,30144.72942671141,30325.77885269766,30024.029809387237,30174.90433104245,448.03954956037194
2024-01-12 09:00:00+00:00,30147.74970950726,30328.817275330126,30027.037998958684,30177.927637144407,108.50776434015485
2024-01-12 10:00:00+00:00,30051.69499526757,30232.185655899808,29931.367888179415,30081.77677203961,449.88066907367977
2024-01-12 11:00:00+00:00,30099.857132346475,30280.637055063267,29979.33718386861,30129.98711946594,311.5748536108848
2024-01-12 12:00:00+00:00,30121.74119593426,30302.652554468397,30001.133623578167,30151.893089023284,475.6270794051585
2024-01-12 13:00:00+00:00,30063.7775299061,30244.34075831394,29943.40204430087,30093.871401307406,419.5132943094662
2024-01-12 14:00:00+00:00,30072.7487581966,30253.365867855435,29952.337351757375,30102.851609806406,499.17364421333497
2024-01-12 15:00:00+00:00,30036.253929870112,30216.65185137083,29915.988648869632,30066.320250120232,240.28472618068406
2024-01-12 16:00:00+00:00,30049.592312660712,30230.07034456858,29929.27362472213,30079.671984645356,406.87531557245075
2024-01-12 17:00:00+00:00,30117.737167045365,30298.624477357946,29997.145626836977,30147.885052097463,260.77236544369686
2024-01-12 18:00:00+00:00,30278.178246978285,30460.029167380555,30156.944300043437,30308.486733711998,291.9502481215635
2024-01-12 19:00:00+00:00,30156.51847864548,30337.638709748455,30035.771657910165,30186.705183829312,351.002185287348
2024-01-12 20:00:00+00:00,30371.606512773644,30554.01856390141,30249.998478688463,30402.008521294938,449.4708456745355
2024-01-12 21:00:00+00:00,30178.590941601346,30359.8437400494,30057.755742635974,30208.79974134269,493.63338767971806
2024-01-12 22:00:00+00:00,30165.42561060729,30346.599337998323,30044.643125679933,30195.62123183913,407.3093655458073
2024-01-12 23:00:00+00:00,30226.1964995351,30407.73521725002,30105.17068772515,30256.452952487587,267.1067128669335
2024-01-13 00:00:00+00:00,30256.26558712183,30437.98489995739,30135.119378564785,30286.55213926109,268.5428009108281
2024-01-13 01:00:00+00:00,30196.05590509175,30377.413598215422,30075.150776342634,30226.28218727903,395.0329206355566
2024-01-13 02:00:00+00:00,30177.26249228106,30358.507312054517,30056.432612432087,30207.469962243304,195.51085830732092
2024-01-13 03:00:00+00:00,30130.00969890864,30310.9707181213,30009.369019433532,30160.16986877742,144.18964525255785
2024-01-13 04:00:00+00:00,30073.130159689917,30253.74956004841,29952.717226117584,30103.233393083,241.84886305631062
2024-01-13 05:00:00+00:00,30160.003409182314,30341.144570799024,30039.242634771173,30190.1936027851,214.89559666163268
2024-01-13 06:00:00+00:00,30197.667256230226,30379.03462713851,30076.7556756247,30227.895151381606,218.52324818239603
2024-01-13 07:00:00+00:00,30130.443587663685,30311.40721281482,30009.801170896266,30160.604191855542,193.44310041996397
2024-01-13 08:00:00+00:00,30222.311615219467,30403.827000295856,30101.30135850187,30252.564179398865,116.83727585454476
2024-01-13 09:00:00+00:00,30255.008837355042,30436.720602143956,30133.867660829095,30285.294131486527,107.14957389336553
2024-01-13 10:00:00+00:00,30338.211763027055,30520.423245087273,30216.73744165357,30368.580343370424,495.0889558944126
2024-01-13 11:00:00+00:00,30403.10968433522,30585.710943700593,30281.37551142497,30433.543227562783,271.1092534943449
2024-01-13 12:00:00+00:00,30322.29108274411,30504.406945102928,30200.880507838225,30352.64372647058,253.73065886387266
2024-01-13 13:00:00+00:00,30268.32699682843,30450.11875056313,30147.132494338624,30298.62562245088,371.85891307722795
2024-01-13 14:00:00+00:00,30344.979627980243,30527.23175787802,30223.47820804839,30375.354982963207,187.30155514602566
2024-01-13 15:00:00+00:00,30407.953617497045,30590.58396955408,30286.200049459017,30438.39200950655,479.98447358009014
2024-01-13 16:00:00+00:00,30407.86354826003,30590.493359360687,30286.110340859588,30438.30185011014,414.5380057662208
2024-01-13 17:00:00+00:00,30421.582553852575,30604.29476138322,30299.77441549881,30452.034588441016,135.7644009249038
2024-01-13 18:00:00+00:00,30551.21927694184,30734.710083409955,30428.892072629762,30581.80107801986,267.0323103139714
2024-01-13 19:00:00+00:00,30494.11929519714,30677.267158831954,30372.020719440596,30524.643939136276,451.6473230248659
2024-01-13 20:00:00+00:00,30550.772323576024,30734.260445639542,30428.446908867012,30581.35367725328,477.8928089165641
2024-01-13 21:00:00+00:00,30532.571277597883,30715.950084069937,30410.318739949842,30563.13441200989,286.96060449994786
2024-01-13 22:00:00+00:00,30512.82292539548,30696.083123145603,30390.649460228735,30543.36629168717,345.3645556842831
2024-01-13 23:00:00+00:00,30624.588732909,30808.52019677031,30501.967757001457,30655.243976885886,166.81357843683008
2024-01-14 00:00:00+00:00,30709.045826172904,30893.48453984361,30586.086683725767,30739.78561178469,496.4674504547906
2024-01-14 01:00:00+00:00,30792.313438809368,30977.252258261673,30669.02089250783,30823.136575384753,192.66868055337736
2024-01-14 02:00:00+00:00,30924.728771644084,31110.462878380684,30800.906033819683,30955.684456100185,477.0927096540503
2024-01-14 03:00:00+00:00,30928.8250554232,31114.583764464776,30804.985916062145,30959.784840263463,359.8586595969474
2024-01-14 04:00:00+00:00,30998.950157255567,31185.13003807992,30874.830236705995,31029.98013739296,343.09471795154366
2024-01-14 05:00:00+00:00,30969.95250827188,31155.95822904228,30845.948694424947,31000.953461733614,305.0754044066034
2024-01-14 06:00:00+00:00,31004.334726885474,31190.546947467366,30880.193246497543,31035.370096982457,192.26792468710346
2024-01-14 07:00:00+00:00,30993.331435754146,31179.477570503415,30869.234012587964,31024.35579154569,170.6112128022033
2024-01-14 08:00:00+00:00,31005.019332656917,31191.235664985183,30880.87511110474,31036.055388044962,188.19448362807015
2024-01-14 09:00:00+00:00,31066.473519498064,31253.05894604159,30942.08323513571,31097.57109058865,174.5753048577018
2024-01-14 10:00:00+00:00,30986.73127324304,31172.83776737663,30862.66027715398,31017.749022265307,411.83378942670134
2024-01-14 11:00:00+00:00,31197.758762084017,31385.132688583017,31072.84281108468,31228.98774983385,240.05010366669205
2024-01-14 12:00:00+00:00,31099.2556256722,31286.037941742296,30974.734081625462,31130.38601168388,123.13707062535855
2024-01-14 13:00:00+00:00,30979.9561832547,31166.02198615713,30855.91231465308,31010.967150405108,487.64105205632455
2024-01-14 14:00:00+00:00,31097.64945951736,31284.422128943886,30973.13434656634,31128.778237755116,453.5143539853703
2024-01-14 15:00:00+00:00,31178.73456264426,31365.994229687163,31053.89478461565,31209.94450715141,471.10091327808516
2024-01-14 16:00:00+00:00,31243.08213236777,31430.728271300904,31117.984706412342,31274.356488856625,497.9631290585741
2024-01-14 17:00:00+00:00,31307.851848743267,31495.886994981964,31182.495084584134,31339.19103978305,169.55809968779494
2024-01-14 18:00:00+00:00,31308.62639613586,31496.66619431085,31183.266530685865,31339.96636249836,258.4968075610635
2024-01-14 19:00:00+00:00,31220.988684424425,31408.50212997652,31095.979720723026,31252.240925349775,403.2953902816365
2024-01-14 20:00:00+00:00,31230.55955978798,31418.130488074992,31105.512274263303,31261.82138116915,378.4082472215169
2024-01-14 21:00:00+00:00,31164.909104807917,31352.085736068024,31040.124683967846,31196.105210017937,161.55836253594202
2024-01-14 22:00:00+00:00,31264.321566176353,31452.09526927651,31139.139097442916,31295.617183359715,426.3332499962471
2024-01-14 23:00:00+00:00,31251.628533764288,31439.326002435544,31126.496887983452,31282.9114452095,189.77622873466427
2024-01-15 00:00:00+00:00,31171.15936380472,31358.373534157898,31046.349916902596,31202.36172553025,189.52704592904922
2024-01-15 01:00:00+00:00,31141.050918223584,31328.084257071772,31016.362025658123,31172.22314136495,314.7897691573654
2024-01-15 02:00:00+00:00,31184.300770505717,31371.593868226468,31059.43870535855,31215.51628679251,337.17597393668126
2024-01-15 03:00:00+00:00,31129.982687680604,31316.949550669673,31005.338112354555,31161.143831512116,332.03448313512445
2024-01-15 04:00:00+00:00,31049.840870163516,31236.326400915244,30925.517182995696,31080.921791955472,136.59473495910194
2024-01-15 05:00:00+00:00,31076.183222591557,31262.82696567018,30951.754060539137,31107.29051310466,450.98434505215215
2024-01-15 06:00:00+00:00,31102.65338304532,31289.45610606661,30978.118234364458,31133.787170215535,206.24001703548242
2024-01-15 07:00:00+00:00,31054.007759825745,31240.518316941812,30929.66738841503,31085.092852678423,151.80596851312168
2024-01-15 08:00:00+00:00,31008.949033094475,31195.18896722717,30884.789077006008,31039.98902211659,455.4992319475909
2024-01-15 09:00:00+00:00,31034.1288218365,31220.519985931613,30909.86804577309,31065.194015852354,482.26059929190137
2024-01-15 10:00:00+00:00,30891.463196120916,31076.99750961113,30767.773653794105,30922.38558170262,444.8510469061803
2024-01-15 11:00:00+00:00,30752.855565060698,30937.557400286285,30629.72100824364,30783.639204264964,423.80642988995123
2024-01-15 12:00:00+00:00,30683.08098735758,30867.363756050418,30560.22580822902,30713.79478213972,362.0967922556087
2024-01-15 13:00:00+00:00,30663.75561690157,30847.922317303375,30540.977816633695,30694.450066968537,320.3429482436557
2024-01-15 14:00:00+00:00,30696.813282704807,30881.178527645974,30573.903119410694,30727.540823528336,134.79470396456406
2024-01-15 15:00:00+00:00,30846.19936877807,31031.461827449406,30722.69106299718,30877.076445223294,263.38128522827947
2024-01-15 16:00:00+00:00,30933.877565135954,31119.66661958121,30810.018195505778,30964.842407543496,249.0754068049256
2024-01-15 17:00:00+00:00,30919.897705992604,31105.602797319883,30796.094311774417,30950.848554547152,203.9015135041305
2024-01-15 18:00:00+00:00,30919.995986823127,31105.701668425667,30796.1921990881,30950.946933756884,389.368045475434
2024-01-15 19:00:00+00:00,30821.84130329581,31006.957467279564,30698.43052730664,30852.693997293103,298.3502940315083
2024-01-15 20:00:00+00:00,30821.98984101017,31007.106897112328,30698.578470275395,30852.842683693863,132.41848636305917
2024-01-15 21:00:00+00:00,30795.15084298205,30980.106703900856,30671.84693570284,30825.97681980185,188.07328077992452
2024-01-15 22:00:00+00:00,30829.38842715982,31014.54991921483,30705.94743245648,30860.248675835657,373.30350546383835
2024-01-15 23:00:00+00:00,30748.746055898944,30933.423209387824,30625.627953573025,30779.525581480426,130.4523437961201
2024-01-16 00:00:00+00:00,30802.62677267164,30987.627534069063,30679.292931740023,30833.460232904545,440.48276561950746
2024-01-16 01:00:00+00:00,30957.745390080596,31143.677794825824,30833.790453583777,30988.734124204802,298.05861080558975
2024-01-16 02:00:00+00:00,30948.878251249756,31134.75739990591,30824.95881881232,30979.858109359116,292.2346309306592
2024-01-16 03:00:00+00:00,30991.00725228744,31177.13942797685,30866.919135161163,31022.029281569008,336.96311386380705
2024-01-16 04:00:00+00:00,31061.95063705938,31248.508899143817,30937.57846233642,31093.04368074012,429.87238637005964
2024-01-16 05:00:00+00:00,31023.866711917985,31210.19624171929,30899.64702538378,31054.921633551538,239.12368316087722
2024-01-16 06:00:00+00:00,31048.251550850844,31234.727536141236,30923.934227323916,31079.330881732578,371.2064610236254
2024-01-16 07:00:00+00:00,31051.507531688945,31238.003072419808,30927.177171201703,31082.590121810757,326.2927855983164
2024-01-16 08:00:00+00:00,31063.263373933976,31249.829520323965,30938.885943007313,31094.35773166564,206.81130806776852
2024-01-16 09:00:00+00:00,30988.037696526815,31174.152037046493,30863.961469513695,31019.056753280096,451.4519945420632
2024-01-16 10:00:00+00:00,30992.484262935282,31178.625309559517,30868.39023185246,31023.50777070599,418.97040864277125
2024-01-16 11:00:00+00:00,31044.232292230707,31230.684137829685,30919.931061831383,31075.307599830536,363.3807338633702
2024-01-16 12:00:00+00:00,31191.199538649427,31378.534070413083,31066.30985080699,31222.421960610038,440.23269163769675
2024-01-16 13:00:00+00:00,31289.02869417534,31476.950788434646,31163.747298002465,31320.349043218557,446.9176803839209
2024-01-16 14:00:00+00:00,31506.129621680746,31695.35562541456,31379.978952524867,31537.667288969715,383.3451906860139
2024-01-16 15:00:00+00:00,31431.469600148226,31620.24719534431,31305.617870017504,31462.93253268091,434.8053313454688
2024-01-16 16:00:00+00:00,31520.612431756625,31709.92541933474,31394.403773371214,31552.164596352977,378.98858466771344
2024-01-16 17:00:00+00:00,31540.926298129885,31730.36129091144,31414.636302942177,31572.49879692681,372.05630870412017
2024-01-16 18:00:00+00:00,31761.685611158333,31952.44648569982,31634.511694797337,31793.47909024858,347.44455128607376
2024-01-16 19:00:00+00:00,31682.93461245135,31873.222508021627,31556.0760154045,31714.649261713064,401.0866558230565
2024-01-16 20:00:00+00:00,31601.044400417493,31790.840462882457,31474.513692107514,31632.677077494987,163.44204211722948
2024-01-16 21:00:00+00:00,31543.163075137636,31732.611502015334,31416.864123885833,31574.737812950585,452.34830367957136
2024-01-16 22:00:00+00:00,31332.983892279084,31521.1699817222,31207.526499317006,31364.348240519605,448.7374110980928
2024-01-16 23:00:00+00:00,31282.458965613176,31470.34160204328,31157.20387465977,31313.772738351527,111.69891321382366
2024-01-17 00:00:00+00:00,31208.619612723964,31396.058769557138,31083.66017483518,31239.85947219616,430.3267002259051
2024-01-17 01:00:00+00:00,31225.641951992937,31413.183345097994,31100.61435658956,31256.89885084378,151.5479469893781
2024-01-17 02:00:00+00:00,31261.781373973074,31449.5398206636,31136.60907617939,31293.074448421496,234.04754170365675
2024-01-17 03:00:00+00:00,31451.20884081074,31640.104990004795,31325.27807468137,31482.691532343084,397.4033025166431
2024-01-17 04:00:00+00:00,31548.154182245526,31737.632585742493,31421.83524658088,31579.733916161687,164.3039584193233
2024-01-17 05:00:00+00:00,31492.519507044854,31681.663768348422,31366.42333284247,31524.04355059545,427.1868096476249
2024-01-17 06:00:00+00:00,31404.765881377152,31593.38309387791,31279.02107304331,31436.202083460612,432.85367118309676
2024-01-17 07:00:00+00:00,31455.906606610653,31644.83097061432,31329.95703060821,31487.394000611264,302.9870935043345
2024-01-17 08:00:00+00:00,31326.01330922929,31514.157533308742,31200.583826509654,31357.3706799092,102.55434868673343
2024-01-17 09:00:00+00:00,31510.974039938137,31700.229139277104,31384.803973712158,31542.516556494633,214.81525326996513
2024-01-17 10:00:00+00:00,31630.798107998195,31820.772871409594,31504.14826572393,31662.460568566763,346.77076735029686
2024-01-17 11:00:00+00:00,31585.925460352937,31775.63071837307,31459.45528833951,31617.54300335629,492.4744712109694
2024-01-17 12:00:00+00:00,31416.78132089676,31605.47069819944,31290.98840269497,31448.229550447206,352.72541080666736
2024-01-17 13:00:00+00:00,31554.031171075883,31743.54487180306,31427.68870392443,31585.616787863746,203.9214324256639
2024-01-17 14:00:00+00:00,31544.586640535144,31734.04361735517,31418.281989321793,31576.162803338484,353.6022812398445
2024-01-17 15:00:00+00:00,31670.242490101296,31860.454156708507,31543.434712363152,31701.94443453583,315.9941518863422
2024-01-17 16:00:00+00:00,31512.957166987737,31702.224176999673,31386.77916031311,31544.501668656394,411.93815806045745
2024-01-17 17:00:00+00:00,31455.077602194655,31643.996987192815,31329.13134552921,31486.564166361015,142.79225553078336
2024-01-17 18:00:00+00:00,31457.599447796503,31646.533979014494,31331.64309365117,31489.088536332834,404.4111610008112
2024-01-17 19:00:00+00:00,31464.2908091136,31653.26552868785,31338.307662730764,31495.78659570931,316.5066314704441
2024-01-17 20:00:00+00:00,31421.32726851282,31610.04394880419,31295.516148318577,31452.780048561384,485.19680154359787
2024-01-17 21:00:00+00:00,31485.547976754337,31674.65036700511,31359.479716587153,31517.065041796133,236.74886641547442
2024-01-17 22:00:00+00:00,31380.890695859016,31569.36451385216,31255.241483863585,31412.302998857875,353.04875725357925
2024-01-17 23:00:00+00:00,31368.66498530539,31557.06537560752,31243.064725103966,31400.065050355744,472.811242204007
2024-01-18 00:00:00+00:00,31382.68051891341,31571.165086594567,31257.024140459303,31414.094613526937,141.0038911962717
2024-01-18 01:00:00+00:00,31436.070958435877,31624.87618941747,31310.200804448148,31467.53849693281,474.89139489458046
2024-01-18 02:00:00+00:00,31509.15928475696,31698.403484665403,31382.99648481799,31540.6999847417,375.1542889203253
2024-01-18 03:00:00+00:00,31398.805539782355,31587.3869544357,31273.084596680124,31430.235775557914,127.13482364206877
2024-01-18 04:00:00+00:00,31247.545534125868,31435.21848027677,31122.43023669193,31278.82435848435,220.3854267787265
2024-01-18 05:00:00+00:00,31377.183448633525,31565.63500087757,31251.549080470828,31408.5920406742,383.2688354581126
2024-01-18 06:00:00+00:00,31412.37961843029,31601.04255908152,31286.6043246628,31443.823441872162,126.94024058750868
2024-01-18 07:00:00+00:00,31339.60381342829,31527.829662157586,31214.119914275423,31370.974788216507,332.8681840705093
2024-01-18 08:00:00+00:00,31496.56189578299,31685.7304356976,31370.449535839914,31528.08998576876,238.3532227811827
2024-01-18 09:00:00+00:00,31510.115791748845,31699.36573644403,31383.949161952052,31541.657449198043,348.3662071069908
2024-01-18 10:00:00+00:00,31629.925580436822,31819.895103442446,31503.279231766403,31661.587167604426,118.29681352500515
2024-01-18 11:00:00+00:00,31638.668676729692,31828.69071082416,31511.98732066671,31670.339015745438,448.61472246095053
2024-01-18 12:00:00+00:00,31846.535394425402,32037.8058772748,31719.021739192467,31878.413808233636,489.3955876709588
2024-01-18 13:00:00+00:00,32023.89194458548,32216.227631940343,31895.66815301557,32055.947892477958,487.5511421142766
2024-01-18 14:00:00+00:00,32001.01842615242,32193.216735018195,31872.886220241897,32033.051477630048,399.8607326971699
2024-01-18 15:00:00+00:00,32100.07636415276,32292.86961558911,31971.54752986186,32132.208572725485,152.0344960522528
2024-01-18 16:00:00+00:00,32166.547421516316,32359.739898522417,32037.752436845578,32198.746167684,403.305278371609
2024-01-18 17:00:00+00:00,32305.2717141138,32499.297370054417,32175.92127682005,32337.609323437235,109.8347665835206
2024-01-18 18:00:00+00:00,32210.873860401844,32404.332562266118,32081.901392492327,32243.116977379224,108.8494206115989
2024-01-18 19:00:00+00:00,32281.40840125569,32475.290733995957,32152.153512762172,32313.722123379066,229.4440876598165
2024-01-18 20:00:00+00:00,32389.143007491963,32583.672394924346,32259.456749203706,32421.564572064028,295.4572761618663
2024-01-18 21:00:00+00:00,32215.442932798294,32408.92907653882,32086.45217030461,32247.690623421717,408.16296712311726
2024-01-18 22:00:00+00:00,32099.233407382984,32292.02159601591,31970.707948294363,32131.36477215514,373.31815064260206
2024-01-18 23:00:00+00:00,31897.512112824745,32089.08876215102,31769.79434660723,31929.441554379126,278.36108255069934
2024-01-19 00:00:00+00:00,31872.596370063737,32064.023375289344,31744.97836658,31904.500870934673,209.45066651266634
2024-01-19 01:00:00+00:00,31946.276841417755,32138.146371996838,31818.363821031697,31978.25509651427,498.84980006308444
2024-01-19 02:00:00+00:00,32098.360310922148,32291.143255732488,31969.83834771525,32130.49080172387,270.47252089438916
2024-01-19 03:00:00+00:00,32107.76037948608,32300.599781164674,31979.200778367016,32139.900279765847,280.5548097318702
2024-01-19 04:00:00+00:00,32272.457072488654,32466.28564349459,32143.23802515136,32304.761834322977,165.44952847666767
2024-01-19 05:00:00+00:00,32136.582936812985,32329.595446943993,32007.90793005898,32168.75168850149,417.9238194999717
2024-01-19 06:00:00+00:00,31968.413031121407,32160.4155117888,31840.41137734314,32000.413444565973,377.47289031259544
2024-01-19 07:00:00+00:00,31964.861816001634,32156.84296804969,31836.87438130293,31996.85867467631,188.30784511550416
2024-01-19 08:00:00+00:00,32005.227954350674,32197.45154566809,31877.078893472393,32037.265219570243,132.95241824633706
2024-01-19 09:00:00+00:00,32003.95974901607,32196.175723484634,31875.815766037027,32035.995744760832,372.1997208298852
2024-01-19 10:00:00+00:00,31799.420283222087,31990.407792430626,31672.09527708306,31831.251534756844,361.8044857124541
2024-01-19 11:00:00+00:00,31792.51519127476,31983.46122845959,31665.21783315154,31824.339530805566,209.30381079928372
2024-01-19 12:00:00+00:00,31664.196688174325,31854.372043658852,31537.413117851305,31695.89258075508,480.3454249001641
2024-01-19 13:00:00+00:00,31733.094975802444,31923.68413481627,31606.03553645989,31764.859835638083,160.42315671236008
2024-01-19 14:00:00+00:00,31771.716140587523,31962.537258549004,31644.502061946532,31803.51966024777,272.9339204170408
2024-01-19 15:00:00+00:00,31679.820149933417,31870.089340023103,31552.97402320696,31711.531681615033,477.44636806703954
2024-01-19 16:00:00+00:00,31630.48284489148,31820.455714830765,31503.834264931957,31662.144989881363,267.8909267704489
2024-01-19 17:00:00+00:00,31526.665414054776,31716.01475588093,31400.432519504007,31558.22363769247,355.41037906563423
2024-01-19 18:00:00+00:00,31522.401772237186,31711.725506604977,31396.185949325325,31553.955727965153,259.0377591851177
2024-01-19 19:00:00+00:00,31619.81849005526,31809.72730981535,31493.2126102152,31651.469960015274,209.686080939468
2024-01-19 20:00:00+00:00,31523.342458026338,31712.671842158627,31397.122868604813,31554.89735538172,493.5910591839313
2024-01-19 21:00:00+00:00,31575.694704926573,31765.33851696817,31449.26549689884,31607.302006933507,263.7336025260172
2024-01-19 22:00:00+00:00,31524.719968851165,31714.05762632174,31398.49486387078,31556.276245096262,457.6396814716538
2024-01-19 23:00:00+00:00,31447.509972908156,31636.383906679373,31321.594017060674,31478.988961870025,191.98184235643447
2024-01-20 00:00:00+00:00,31438.815639948694,31627.63735550394,31312.934496245198,31470.28592587457,185.24188161003332
2024-01-20 01:00:00+00:00,31337.392931939,31525.605502100792,31211.917885164472,31368.761693632634,112.45363315380455
2024-01-20 02:00:00+00:00,31284.08136633482,31471.9737469134,31158.81977928243,31315.396763097917,360.666730150354
2024-01-20 03:00:00+00:00,31166.41136486519,31353.59701870822,31041.620928969834,31197.60897383903,247.41053748950446
2024-01-20 04:00:00+00:00,31364.685405643537,31553.06189456632,31239.101079695014,31396.08148713067,445.7432999358548
2024-01-20 05:00:00+00:00,31370.206234485515,31558.615881539477,31244.5998031162,31401.60784232784,289.2839626766229
2024-01-20 06:00:00+00:00,31302.301656237054,31490.30346798622,31176.96711507094,31333.635291528582,487.27737116588867
2024-01-20 07:00:00+00:00,31325.676249319404,31513.818449015012,31200.248116188995,31357.033282602006,174.21020628124847
2024-01-20 08:00:00+00:00,31316.452677155292,31504.539480021085,31191.061475244762,31347.800477632925,447.44926718224434
2024-01-20 09:00:00+00:00,31296.375814161922,31484.342035267997,31171.065000091203,31327.7035176796,410.6387411166967
2024-01-20 10:00:00+00:00,31359.72906749626,31548.075788622362,31234.164586745523,31391.120187683944,408.3687378576208
2024-01-20 11:00:00+00:00,31437.402087729984,31626.215313482113,31311.52660389523,31468.870958688673,437.9132912467551
2024-01-20 12:00:00+00:00,31386.403023083694,31574.909948147255,31260.731739707982,31417.82084392762,404.40959637719953
2024-01-20 13:00:00+00:00,31330.876780843293,31519.050214962466,31205.42782476384,31362.239019863155,350.48812865256616
2024-01-20 14:00:00+00:00,31305.39711629784,31493.417519398725,31180.05018089725,31336.73385014799,152.49795107295503
2024-01-20 15:00:00+00:00,31077.433191940752,31264.0844423428,30952.999025006055,31108.54173367443,113.01047179650077
2024-01-20 16:00:00+00:00,30928.06360482712,31113.817740591843,30804.227514317303,30959.022627454575,468.33913912627474
2024-01-20 17:00:00+00:00,31066.61234414483,31253.19860447002,30942.221503928035,31097.71005419903,346.6601258082952
2024-01-20 18:00:00+00:00,31232.942618723606,31420.527859676895,31107.88579142141,31264.206825549154,418.6149163904705
2024-01-20 19:00:00+00:00,31210.061918371925,31397.50973770148,31085.09670548555,31241.303221593516,292.60894060502005
2024-01-20 20:00:00+00:00,31269.657958981195,31457.463712488585,31144.4541233096,31300.958917899094,146.9232755849578
2024-01-20 21:00:00+00:00,31302.749849420095,31490.754353020213,31177.413513686683,31334.08393335345,150.07431688102017
2024-01-20 22:00:00+00:00,31612.32804218477,31802.191874269964,31485.752154127975,31643.97201419897,374.22611489158857
2024-01-20 23:00:00+00:00,31726.171575837085,31916.719152869136,31599.139857815717,31757.92950534243,272.12235795978506
2024-01-21 00:00:00+00:00,31715.390608448157,31905.87343492532,31588.40205746338,31747.137746194352,180.2098906801347
2024-01-21 01:00:00+00:00,31621.930118432178,31811.85162064498,31495.31578362364,31653.58370213431,296.63781869657475
2024-01-21 02:00:00+00:00,31463.444131038446,31652.413765459092,31337.464374758012,31494.939070108554,125.68357483005363
2024-01-21 03:00:00+00:00,31485.76814826158,31674.87186086375,31359.6990065268,31517.285433695277,332.7885607657595
2024-01-21 04:00:00+00:00,31412.206708807676,31600.868610962676,31286.43210737101,31443.650359166844,207.5973617740391
2024-01-21 05:00:00+00:00,31272.12156321887,31459.942113148107,31146.907863266042,31303.424988207076,419.02364025487526
2024-01-21 06:00:00+00:00,31209.52693208304,31396.971538281734,31084.56386128391,31240.767699782824,224.1447835694295
2024-01-21 07:00:00+00:00,31103.478286521964,31290.28596391849,30978.93983492428,31134.612899421387,282.0880596327205
2024-01-21 08:00:00+00:00,31274.021735865714,31461.85369824328,31148.800427614,31305.32706292864,104.64821596324026
2024-01-21 09:00:00+00:00,31364.095547584962,31552.4684938167,31238.513583430467,31395.491038623586,128.97875511782354
2024-01-21 10:00:00+00:00,31365.297080717435,31553.677243364382,31239.71030561947,31396.693774491927,256.99742256267393
2024-01-21 11:00:00+00:00,31515.14150019255,31704.42162932283,31388.954747439024,31546.68818838093,291.9755338868494
2024-01-21 12:00:00+00:00,31524.868594126543,31714.207144241413,31398.64289404996,31556.42501914569,340.0082192477215
2024-01-21 13:00:00+00:00,31440.824302413854,31629.658082007925,31314.9351160178,31472.296599012865,216.6650314837213
2024-01-21 14:00:00+00:00,31594.98239773309,31784.742051773526,31468.475961706128,31626.60900673983,377.99275445061704
2024-01-21 15:00:00+00:00,31650.817511097186,31840.912511163835,31524.087511052752,31682.500011108295,444.0489588756818
2024-01-21 16:00:00+00:00,31549.194620279974,31738.679272654026,31422.87151869727,31580.77539567565,411.9403955573399
2024-01-21 17:00:00+00:00,31532.17778633942,31721.560235506622,31405.922820227952,31563.74152786729,115.84753013934287
2024-01-21 18:00:00+00:00,31446.701522826286,31635.570601041454,31320.78880401617,31478.179702528814,292.2027789031316
2024-01-21 19:00:00+00:00,31310.557829702946,31498.60922807954,31185.190230785218,31341.899729432378,141.97207136726996
2024-01-21 20:00:00+00:00,31405.08096670136,31593.70007160647,31279.334896764616,31436.517484185544,196.81800634501099
2024-01-21 21:00:00+00:00,31597.829689084323,31787.606443973717,31471.31185249139,31629.459148232556,494.6650373068586
2024-01-21 22:00:00+00:00,31460.11078845979,31649.060402804895,31334.14437889639,31491.602390850643,156.9982171606053
2024-01-21 23:00:00+00:00,31518.34941520518,31707.648811092295,31392.1498179471,31549.8993145197,299.55526138054245
2024-01-22 00:00:00+00:00,31455.34822254991,31644.269232895553,31329.400882319478,31486.835057607517,347.26229372724765
2024-01-22 01:00:00+00:00,31408.682396711818,31597.3231318272,31282.921906634892,31440.12251923105,380.9859882176416
2024-01-22 02:00:00+00:00,31351.50024368035,31539.797542441192,31225.968711173122,31382.88312680716,323.85947339476564
2024-01-22 03:00:00+00:00,31267.18556578934,31454.97647008837,31141.991629589982,31298.48404983918,103.90833896767346
2024-01-22 04:00:00+00:00,31274.030876421028,31461.862893696827,31148.809531570492,31305.33621263366,230.58452329759675
2024-01-22 05:00:00+00:00,31193.016959791566,31380.362406997516,31068.119994987595,31224.241200992557,307.0846573538846
2024-01-22 06:00:00+00:00,31222.03359668697,31409.55331798839,31097.02044915269,31253.28688357054,135.14659965793334
2024-01-22 07:00:00+00:00,31219.012809553,31406.514387988755,31094.0117572625,31250.26307262563,240.2507724836723
2024-01-22 08:00:00+00:00,31197.139899671045,31384.51010927868,31072.22642659929,31228.368267938986,113.28124351654662
2024-01-22 09:00:00+00:00,31108.472289833095,31295.3099612435,30983.913842226153,31139.61190173483,131.4313988620083
2024-01-22 10:00:00+00:00,31052.850833909317,31239.35444252138,30928.515094834605,31083.934768677995,258.7693104806384
2024-01-22 11:00:00+00:00,31130.312417369307,31317.281260716867,31005.666521804265,31161.473891260568,153.08630161722414
2024-01-22 12:00:00+00:00,31182.352044412986,31369.63343807312,31057.497781972892,31213.565610023008,327.0163393046233
2024-01-22 13:00:00+00:00,31086.692275457608,31273.399135970863,30962.221035115435,31117.81008554315,375.7859876549063
2024-01-22 14:00:00+00:00,31098.613572769988,31285.392032666503,30974.094599505643,31129.743316086075,420.23467964363317
2024-01-22 15:00:00+00:00,31175.67514639483,31362.916438565368,31050.847618281136,31206.882028423253,180.06009769792405
2024-01-22 16:00:00+00:00,31010.899558810805,31197.15120781267,30886.73179280956,31041.941500311117,166.99303290362792
2024-01-22 17:00:00+00:00,31067.179242029564,31253.768907146856,30942.786131951365,31098.277519549112,141.8271361337601
2024-01-22 18:00:00+00:00,31002.981128510874,31189.185219372797,30878.845067936254,31034.015143654527,354.57209981745467
2024-01-22 19:00:00+00:00,31061.98193550333,31248.540385566408,30937.609635461275,31093.075010513843,382.59029059476046
2024-01-22 20:00:00+00:00,30987.730345764732,31173.842840333888,30863.65534938529,31018.74909485959,112.63445793025681
2024-01-22 21:00:00+00:00,30809.420623908343,30994.462189217098,30686.059580369172,30840.260884793137,474.4848984974759
2024-01-22 22:00:00+00:00,30648.827134363815,30832.90417420984,30526.109107799795,30679.50664100482,120.78851346058897
2024-01-22 23:00:00+00:00,30655.62882053529,30839.74671134931,30532.883559992606,30686.31513567096,316.51853412042817
2024-01-23 00:00:00+00:00,30683.573098457266,30867.85882277232,30560.715948913894,30714.28738584311,383.6242077803666
2024-01-23 01:00:00+00:00,30595.229867609334,30778.985001949328,30472.726444716005,30625.85572333267,448.38764949843426
2024-01-23 02:00:00+00:00,30661.023254241194,30845.17354405645,30538.25639436435,30691.714969210403,385.63477285297114
2024-01-23 03:00:00+00:00,30497.035400020526,30680.200777798425,30374.925148168593,30527.56296298351,420.6912332279167
2024-01-23 04:00:00+00:00,30492.432028135656,30675.569758034366,30370.340208203183,30522.954983118776,235.78007701712244
2024-01-23 05:00:00+00:00,30373.449509779388,30555.87262995824,30251.834096326817,30403.85336314253,425.9300454986049
2024-01-23 06:00:00+00:00,30310.329082609955,30492.373101124125,30188.966403600505,30340.669752362315,132.04593855387006
2024-01-23 07:00:00+00:00,30317.06220987446,30499.146667591423,30195.672571396484,30347.409619493956,457.92666242421103
2024-01-23 08:00:00+00:00,30233.104914682597,30414.685124380387,30112.051441550735,30263.368282965563,319.0369504614945
2024-01-23 09:00:00+00:00,30196.685815814035,30378.04729218529,30075.778164899864,30226.91272854258,426.9191079849975
2024-01-23 10:00:00+00:00,30299.212467454556,30481.189719511338,30177.8942994167,30329.54200946402,280.92731380732005
2024-01-23 11:00:00+00:00,30243.578969689195,30425.222086624264,30122.483558399148,30273.852822511708,357.43107807860997
2024-01-23 12:00:00+00:00,30329.062611684505,30511.21914388681,30207.624923549633,30359.422033718223,310.5610643744453
2024-01-23 13:00:00+00:00,30218.202896904208,30399.693604993718,30097.2090915112,30248.45134825246,392.63580870213275
2024-01-23 14:00:00+00:00,30273.128334277942,30454.948924874207,30151.914607213766,30303.43176604399,132.65199281223585
2024-01-23 15:00:00+00:00,30419.139039481666,30601.836571250322,30297.34068496923,30449.588628109777,124.14083359622552
2024-01-23 16:00:00+00:00,30174.219753918955,30355.446298987532,30053.402057206567,30204.42417809705,198.8412936040586
2024-01-23 17:00:00+00:00,30096.607917897454,30277.36832581275,29976.100979287254,30126.734652550003,163.81787204527535
2024-01-23 18:00:00+00:00,30156.25542340279,30337.374074594394,30035.509655941718,30186.441865268058,448.7134266368807
2024-01-23 19:00:00+00:00,30137.96918933709,30318.978013297074,30017.296640030436,30168.137326663757,187.68559494321772
2024-01-23 20:00:00+00:00,30177.044662086886,30358.28817357089,30056.215654430882,30207.251914000888,490.34610232765255
2024-01-23 21:00:00+00:00,30118.704541933974,30299.597662305947,29998.10912835266,30148.853395329304,234.75831670844275
2024-01-23 22:00:00+00:00,30129.35286170252,30310.309935946974,30008.714812206214,30159.512374076596,172.8471662754797
2024-01-23 23:00:00+00:00,30115.798705886853,30296.674373790072,29995.214927284702,30145.94465053739,415.87940285699165
2024-01-24 00:00:00+00:00,30234.458133846663,30416.04647098688,30113.39924241985,30264.722856703367,363.48311020035044
2024-01-24 01:00:00+00:00,30261.872776092456,30443.625765738656,30140.70411632832,30292.16494103349,299.2782865812556
2024-01-24 02:00:00+00:00,30297.597282033767,30479.56483327721,30176.285581204804,30327.92520724101,322.1454203750525
2024-01-24 03:00:00+00:00,30258.448773118133,30440.1811981819,30137.29382307562,30288.73751062876,387.68071130890553
2024-01-24 04:00:00+00:00,30211.734911333293,30393.18677266262,30090.767003780406,30241.976888221514,191.38189653251948
2024-01-24 05:00:00+00:00,30170.52034837011,30351.724674786747,30049.71746409235,30200.72106943955,498.53356642269677
2024-01-24 06:00:00+00:00,30211.924117393704,30393.377115095765,30090.955452258997,30242.166283677383,489.9172648587132
2024-01-24 07:00:00+00:00,30171.865767759762,30353.07817477333,30051.05749641738,30202.067835595357,360.13027453877476
2024-01-24 08:00:00+00:00,30202.81227596371,30384.21054789142,30081.88009467857,30233.045321284997,179.81698037165805
2024-01-24 09:00:00+00:00,30412.14281574839,30594.798328155284,30290.37247414379,30442.58540114954,372.09129697251655
2024-01-24 10:00:00+00:00,30501.166173621215,30684.35636085017,30379.039382135245,30531.69787149271,128.87936359167034
2024-01-24 11:00:00+00:00,30470.594422757647,30653.600995867302,30348.590040684543,30501.095518275924,112.26100088232242
2024-01-24 12:00:00+00:00,30592.593693581828,30776.332995044777,30470.10082593986,30623.21691049232,203.07315540448548
2024-01-24 13:00:00+00:00,30553.824963816976,30737.331420056114,30431.487326324215,30584.409373190167,285.04918269572653
2024-01-24 14:00:00+00:00,30352.214322752705,30534.509904270737,30230.683935074016,30382.596919672378,447.3090021633522
2024-01-24 15:00:00+00:00,30253.50450029206,30435.207230023538,30132.369347137737,30283.78828858064,390.8676279065232
2024-01-24 16:00:00+00:00,30068.610387381577,30249.20264196044,29948.215550995665,30098.709096478055,397.0826084799924
2024-01-24 17:00:00+00:00,30035.492190325847,30215.88553681429,29915.229959333552,30065.557748073923,270.1973337792301
2024-01-24 18:00:00+00:00,30039.33018640688,30219.74658392284,29919.05258806291,30069.399585992876,238.37399701878516
2024-01-24 19:00:00+00:00,30208.804273903184,30390.238533806507,30087.848100634303,30239.043317220407,248.41550519384108
2024-01-24 20:00:00+00:00,30243.462318542224,30425.104734869805,30122.36737432384,30273.736054596822,495.05982549442314
2024-01-24 21:00:00+00:00,30223.57217571422,30405.095131724513,30102.55687170736,30253.826001715937,116.04367656499299
2024-01-24 22:00:00+00:00,30308.42779327445,30490.460392633453,30187.072727035116,30338.766559834286,446.81259844897943
2024-01-24 23:00:00+00:00,30089.53337590456,30270.25129407816,29969.054763788827,30119.653028933495,331.47016342895733
2024-01-25 00:00:00+00:00,30115.06927025961,30295.940557168073,29994.488412320632,30145.214484744352,275.4461676758362
2024-01-25 01:00:00+00:00,30194.076703128914,30375.422509153712,30073.179499112382,30224.30100413305,390.1030641660546
2024-01-25 02:00:00+00:00,30048.36393717551,30228.834591452836,29928.05016765729,30078.442379555065,294.66757656988113
2024-01-25 03:00:00+00:00,30164.622966091883,30345.791872795133,30043.84369495638,30194.81778387576,449.36929523266423
2024-01-25 04:00:00+00:00,30200.436757200576,30381.820761748324,30079.514087502073,30230.6674246252,460.2807456045034
2024-01-25 05:00:00+00:00,30160.947494601885,30342.094326401293,30040.182940068946,30191.13863323512,268.68837074938216
2024-01-25 06:00:00+00:00,30226.160403025904,30407.698903944973,30105.13473574652,30256.41681984575,210.73111889402063
2024-01-25 07:00:00+00:00,30455.00061952056,30637.913536154316,30333.058675098055,30485.486105626187,336.9401314373449
2024-01-25 08:00:00+00:00,30475.167058400904,30658.20109478769,30353.144367476376,30505.672731132036,464.9453382466764
2024-01-25 09:00:00+00:00,30501.96229497231,30685.157263710877,30379.83231581326,30532.49478976207,184.2648756022666
2024-01-25 10:00:00+00:00,30458.070141108237,30641.001493307085,30336.115906309005,30488.558699808047,349.1866334253931
2024-01-25 11:00:00+00:00,30375.168688598704,30557.60213417587,30253.546391547257,30405.574262861566,352.6240880370082
2024-01-25 12:00:00+00:00,30460.117236671475,30643.060883738566,30338.154805293412,30490.60784451599,393.2452089661124
2024-01-25 13:00:00+00:00,30376.59246246318,30559.03445923473,30254.964464615477,30406.999461925105,152.62707405090393
2024-01-25 14:00:00+00:00,30385.739929561398,30568.236866075276,30264.075305218812,30416.156085647046,386.32998587283544
2024-01-25 15:00:00+00:00,30340.01995062956,30522.24229267538,30218.53838926568,30370.39034097053,463.6130082662564
2024-01-25 16:00:00+00:00,30389.868035221625,30572.389765162894,30268.186881927442,30420.28832354517,171.87324354809678
2024-01-25 17:00:00+00:00,30425.198879539792,30607.932806744233,30303.376261403497,30455.654534073867,195.01732996955104
2024-01-25 18:00:00+00:00,30530.847119971157,30714.215571142155,30408.601485857158,30561.408528499658,488.55803761665584
2024-01-25 19:00:00+00:00,30481.89448172557,30664.96892305725,30359.84485417111,30512.406888614183,172.3907810837959
2024-01-25 20:00:00+00:00,30456.93197568976,30639.856492060266,30334.982298109422,30487.419395084846,441.7540373478316
2024-01-25 21:00:00+00:00,30361.151480483106,30543.50073862414,30239.58530838908,30391.543023506612,296.9111425792139
2024-01-25 22:00:00+00:00,30318.764583801505,30500.859265986495,30197.36812901151,30349.113697499004,198.89242976127082
2024-01-25 23:00:00+00:00,30358.45490305668,30540.7879655375,30236.89952806947,30388.843746803486,448.29996050900456
